Pernyataan,Jawaban,Penjelasan
"Stack bekerja dengan prinsip Last In First Out (LIFO).","BENAR","✅ BENAR: Data yang terakhir masuk akan menjadi yang pertama keluar."
"Prinsip LIFO artinya data yang pertama masuk akan keluar terakhir.","SALAH","❌ SALAH: LIFO = yang terakhir masuk → pertama keluar."
"Konsep Stack mirip dengan antrean beli tiket di bioskop.","SALAH","❌ SALAH: Stack mirip tumpukan piring/buku. Antrean = Queue."
"Operasi Push berfungsi mengambil data dari bagian atas Stack.","SALAH","❌ SALAH: Push = menambahkan data ke atas. Pop = mengambil/menghapus."
"Operasi Pop berfungsi menghapus data yang berada di posisi paling atas Stack.","BENAR","✅ BENAR: Pop mengambil dan menghapus data paling atas."
"Peek (Top) berfungsi melihat data paling atas tanpa menghapusnya.","BENAR","✅ BENAR: Peek hanya membaca data, tidak mengubah isi Stack."
"Jika ditumpuk: Buku A → Buku B → Buku C, maka yang pertama keluar adalah Buku A.","SALAH","❌ SALAH: Yang terakhir masuk = Buku C → dialah yang pertama keluar."
"Tumpukan piring adalah contoh penerapan Stack dalam kehidupan sehari-hari.","BENAR","✅ BENAR: Piring yang ditaruh paling atas diambil terlebih dahulu."
"Tombol Undo di Microsoft Word bekerja berdasarkan prinsip Stack.","BENAR","✅ BENAR: Setiap perubahan disimpan, yang terakhir dilakukan dibatalkan duluan."
"Riwayat halaman mundur (Back) di peramban internet menggunakan prinsip Queue.","SALAH","❌ SALAH: Riwayat mundur menggunakan Stack, bukan Queue."
"Salah satu kelebihan Stack adalah proses penambahan dan penghapusan berjalan cepat.","BENAR","✅ BENAR: Hanya mengakses bagian atas, sehingga prosesnya sangat efisien."
"Stack dapat mengakses data di posisi tengah secara langsung.","SALAH","❌ SALAH: Kekurangan Stack: hanya bisa mengakses data paling atas."
"Stack cocok digunakan untuk fitur mengembalikan perintah (Undo).","BENAR","✅ BENAR: Prinsip LIFO sangat sesuai untuk membatalkan langkah berurutan."
"Setelah data di-Pop dari Stack, data tersebut masih tersimpan di dalamnya.","SALAH","❌ SALAH: Pop mengambil sekaligus menghapus data dari Stack."
"Operasi Push menambahkan data ke posisi paling bawah Stack.","SALAH","❌ SALAH: Push menambahkan data ke posisi paling atas."
"Tumpukan buku di meja termasuk contoh penerapan struktur data Stack.","BENAR","✅ BENAR: Buku yang ditaruh paling atas diambil terlebih dahulu."
"Stack termasuk struktur data yang rumit dan sulit dipahami.","SALAH","❌ SALAH: Salah satu kelebihannya: sederhana dan mudah dipelajari."
"Jika Stack kosong, operasi Pop tetap dapat dijalankan tanpa masalah.","SALAH","❌ SALAH: Tidak ada data yang diambil, akan terjadi kesalahan."
"Aplikasi desain grafis yang memiliki fitur Undo menggunakan konsep Stack.","BENAR","✅ BENAR: Setiap perubahan dicatat, yang terakhir dibatalkan lebih dulu."
"Data yang berada di paling bawah Stack akan keluar paling akhir.","BENAR","✅ BENAR: Sesuai LIFO: yang pertama masuk → keluar paling akhir."
